City_ID,City,Lat,Lng,Max_Temp,Humidity,Cloudiness,Wind_Speed,Country,Date
0,hermanus,-34.4187,19.2345,64.99,94,98,11.48,ZA,1612674939
1,cabo san lucas,22.8909,-109.9124,64.4,59,20,5.75,MX,1612674989
2,avarua,-21.2078,-159.775,82.4,74,7,11.5,CK,1612674485
3,libohove,40.0311,20.2631,59.0,100,20,4.85,AL,1612675020
4,saint-philippe,-21.3585,55.7679,84.2,70,0,8.05,RE,1612675020
5,aguimes,27.9054,-15.4461,60.01,72,40,11.5,ES,1612675020
6,port augusta,-32.5,137.7667,84.99,56,0,19.57,AU,1612675021
7,cidreira,-30.1811,-50.2056,66.13,77,4,7.78,BR,1612674998
8,butaritari,3.0707,172.7902,80.96,80,60,21.09,KI,1612674941
9,vaini,-21.2,-175.2,80.6,89,75,10.36,TO,1612674927
10,rikitea,-23.1203,-134.9692,78.26,71,89,11.14,PF,1612674935
11,anadyr,64.75,177.4833,-13.0,84,0,6.71,RU,1612675023
12,tasiilaq,65.6145,-37.6368,33.8,51,75,18.41,GL,1612674949
13,bengkulu,-3.8004,102.2655,86.68,55,64,9.31,ID,1612674957
14,kaitangata,-46.2817,169.8464,66.0,76,1,8.01,NZ,1612674841
15,nikolskoye,59.7035,30.7861,10.4,79,75,17.9,RU,1612674818
16,jamestown,42.097,-79.2353,15.8,57,1,5.75,US,1612674950
17,thompson,55.7435,-97.8558,-31.0,61,40,10.36,CA,1612674966
18,nemuro,43.3236,145.575,21.2,79,75,9.22,JP,1612675025
19,kapaa,22.0752,-159.319,69.8,60,90,5.75,US,1612674712
20,elko,41.0002,-115.5012,44.6,31,1,12.66,US,1612674910
21,saskylakh,71.9167,114.0833,-41.17,78,21,8.32,RU,1612674985
22,cherskiy,68.75,161.3,-5.44,81,0,2.19,RU,1612674930
23,cape town,-33.9258,18.4232,70.0,73,75,18.41,ZA,1612674890
24,tezu,27.9167,96.1667,78.42,17,3,4.45,IN,1612675027
25,nishihara,26.1842,127.7558,73.4,53,75,12.66,JP,1612674756
26,kahului,20.8947,-156.47,71.6,64,40,6.91,US,1612674849
27,sao joao da barra,-21.6403,-41.0511,68.32,95,100,12.57,BR,1612675029
28,hobart,-42.8794,147.3294,72.0,48,20,24.16,AU,1612674931
29,port lincoln,-34.7333,135.8667,65.61,62,68,14.12,AU,1612675002
30,kununurra,-15.7667,128.7333,91.4,70,58,2.3,AU,1612674977
31,kruisfontein,-34.0033,24.7314,69.01,74,1,4.0,ZA,1612674815
32,mareeba,-17.0,145.4333,88.0,79,75,6.91,AU,1612675031
33,ushuaia,-54.8,-68.3,46.4,81,75,17.27,AR,1612674618
34,puro,12.4841,123.3827,83.21,74,33,12.1,PH,1612675032
35,hamilton,39.1834,-84.5333,28.99,59,90,11.5,US,1612674806
36,oranjestad,12.524,-70.027,77.0,83,20,17.27,AW,1612674712
37,new norfolk,-42.7826,147.0587,72.0,45,15,4.0,AU,1612674745
38,soligalich,59.0778,42.2864,-12.03,89,100,7.63,RU,1612675033
39,isangel,-19.55,169.2667,82.2,68,21,6.15,VU,1612674996
40,saldanha,-33.0117,17.9442,64.4,82,13,11.5,ZA,1612674930
41,provideniya,64.3833,-173.3,-4.09,86,1,8.79,RU,1612674952
42,dingle,10.9995,122.6711,82.74,79,70,14.09,PH,1612675026
43,la palma,33.8464,-118.0467,57.2,72,1,2.89,US,1612675035
44,uppsala,60.0,17.75,18.0,92,75,3.44,SE,1612674865
45,roald,62.5833,6.1333,26.6,54,4,9.22,NO,1612675035
46,cap malheureux,-19.9842,57.6142,84.0,74,2,10.0,MU,1612675035
47,castro,-24.7911,-50.0119,60.51,90,73,8.7,BR,1612674949
48,kulhudhuffushi,6.6221,73.07,81.64,69,42,11.7,MV,1612675036
49,mataura,-46.1927,168.8643,74.89,53,19,5.08,NZ,1612674928
50,victoria,22.2855,114.1577,73.99,58,0,1.01,HK,1612674956
51,yellowknife,62.456,-114.3525,-43.01,66,1,3.44,CA,1612674908
52,bluff,-46.6,168.3333,60.8,79,1,12.77,NZ,1612674752
53,arua,3.0201,30.9111,65.21,27,18,5.39,UG,1612675038
54,innisfail,-17.5333,146.0333,86.07,73,100,9.37,AU,1612675039
55,albany,42.6001,-73.9662,21.0,55,20,1.9,US,1612674780
56,ilulissat,69.2167,-51.1,26.6,43,0,24.16,GL,1612674959
57,lagoa,39.05,-27.9833,60.15,90,98,25.5,PT,1612675034
58,barrow,71.2906,-156.7887,-5.8,77,90,13.8,US,1612674745
59,broome,42.2506,-75.833,19.4,45,1,2.95,US,1612674972
60,busselton,-33.65,115.3333,62.01,95,100,3.0,AU,1612674745
61,komsomolskiy,40.4272,71.7189,48.2,46,95,4.61,UZ,1612675004
62,severo-kurilsk,50.6789,156.125,22.06,93,94,21.68,RU,1612674753
63,akdepe,42.0551,59.3788,41.0,93,82,6.91,TM,1612675041
64,porto belo,-27.1578,-48.5531,66.2,88,0,2.3,BR,1612675042
65,cordoba,-31.4135,-64.1811,73.99,88,0,4.61,AR,1612675042
66,manta,-0.95,-80.7333,78.8,78,75,4.61,EC,1612674949
67,vanavara,60.34,102.2797,16.86,96,100,10.25,RU,1612674835
68,najran,17.4924,44.1277,59.0,51,0,4.61,SA,1612675017
69,namibe,-15.1961,12.1522,71.19,79,68,1.68,AO,1612674991
70,lebu,-37.6167,-73.65,57.11,93,16,3.33,CL,1612674944
71,hithadhoo,-0.6,73.0833,81.84,74,76,12.46,MV,1612674960
72,aswan,24.0934,32.907,56.46,65,0,6.78,EG,1612674967
73,nome,64.5011,-165.4064,14.0,73,90,5.75,US,1612674968
74,aklavik,68.2191,-135.0107,-11.2,84,100,10.36,CA,1612674978
75,khilok,51.3674,110.4676,9.88,91,100,3.24,RU,1612675046
76,zhanaozen,43.3,52.8,36.12,78,52,10.47,KZ,1612675046
77,terrace,54.5163,-128.6035,28.4,93,90,13.8,CA,1612675046
78,banff,51.1762,-115.5698,-7.6,77,100,6.91,CA,1612674908
79,strassen,49.6206,6.0733,45.0,100,75,8.05,LU,1612675047
80,chuy,-33.6971,-53.4616,65.01,88,0,6.11,UY,1612674990
81,bredasdorp,-34.5322,20.0403,66.2,94,99,3.44,ZA,1612674938
82,vostok,46.4856,135.8833,-2.94,89,100,5.44,RU,1612674936
83,pangoa,-12.1167,-73.0,69.03,96,90,2.15,PE,1612675048
84,dhemaji,27.4833,94.5833,73.4,60,40,6.91,IN,1612675049
85,kashary,49.04,41.0056,14.88,82,60,12.82,RU,1612675049
86,esperance,-33.8667,121.9,64.4,88,90,19.57,AU,1612674997
87,noumea,-22.2763,166.4572,82.99,88,75,8.05,NC,1612675050
88,hambantota,6.1241,81.1185,84.2,84,0,10.36,LK,1612674956
89,kodiak,57.79,-152.4072,32.0,59,1,8.05,US,1612674969
90,vestmannaeyjar,63.4427,-20.2734,36.54,80,46,20.42,IS,1612675050
91,kocevje,45.6433,14.8633,42.01,100,85,2.53,SI,1612675051
92,florida,28.7505,-82.5001,73.4,88,75,6.91,US,1612674913
93,atuona,-9.8,-139.0333,79.57,79,90,23.96,PF,1612674753
94,westport,41.1415,-73.3579,33.01,64,1,3.44,US,1612675026
95,narsaq,60.9167,-46.05,44.6,29,75,20.71,GL,1612675017
96,airai,-8.9266,125.4092,72.52,84,62,4.54,TL,1612674980
97,weligama,5.9667,80.4167,85.03,64,83,0.89,LK,1612675053
98,punta arenas,-53.15,-70.9167,48.2,76,75,14.97,CL,1612674748
99,qaanaaq,77.484,-69.3632,12.74,90,100,2.84,GL,1612674949
100,nanortalik,60.1432,-45.2371,27.46,94,99,3.56,GL,1612675033
101,koulikoro,14.0,-7.75,69.21,27,96,11.05,ML,1612675054
102,meadow lake,34.8014,-106.5436,37.4,20,1,6.91,US,1612675054
103,voh,-20.9667,164.7,82.35,65,56,6.35,NC,1612675054
104,ongandjera,-17.8833,15.0667,70.57,46,57,7.07,NA,1612675022
105,xuzhou,34.1805,117.1571,51.93,46,45,15.23,CN,1612675055
106,tiznit,29.5833,-9.5,47.19,90,53,11.45,MA,1612675056
107,arraial do cabo,-22.9661,-42.0278,72.05,82,100,8.9,BR,1612674952
108,torbay,47.6666,-52.7314,37.0,93,40,24.16,CA,1612674973
109,kenora,49.8167,-94.4337,-22.0,69,90,11.5,CA,1612675057
110,port blair,11.6667,92.75,83.61,64,0,12.66,IN,1612674955
111,dikson,73.5069,80.5464,-28.21,86,91,10.02,RU,1612674747
112,mahebourg,-20.4081,57.7,86.0,70,40,10.36,MU,1612674957
113,ahipara,-35.1667,173.1667,67.69,71,97,1.39,NZ,1612674967
114,gravdal,68.1214,13.5031,33.31,85,71,15.5,NO,1612675060
115,gamba,-2.65,10.0,77.63,89,98,6.2,GA,1612675060
116,iqaluit,63.7506,-68.5145,24.8,68,75,6.91,CA,1612674840
117,tadine,-21.55,167.8833,80.89,73,31,2.82,NC,1612675061
118,namtsy,62.7161,129.6658,-34.6,67,95,6.71,RU,1612675061
119,puerto carreno,6.189,-67.4859,80.42,58,100,8.59,CO,1612675028
120,badarpur,24.9,92.6,78.85,31,2,3.33,IN,1612675061
121,yamada,39.4667,141.95,40.37,79,75,4.27,JP,1612675062
122,geraldton,-28.7667,114.6,75.2,69,90,24.16,AU,1612674921
123,gold coast,-28.0,153.4333,88.0,69,75,10.36,AU,1612674881
124,huayang,34.4155,109.9939,45.54,47,100,4.03,CN,1612675063
125,inverell,-29.7833,151.1167,91.99,43,25,3.0,AU,1612674967
126,high level,58.5169,-117.136,-36.4,74,1,2.06,CA,1612675064
127,windhoek,-22.5594,17.0832,64.99,88,0,4.61,NA,1612675065
128,acapulco,16.8634,-99.8901,74.82,77,0,3.42,MX,1612675010
129,bethel,41.3712,-73.414,28.0,79,1,2.53,US,1612674831
130,zaranj,30.9667,61.8833,48.2,29,0,6.91,AF,1612675067
131,manado,1.487,124.8455,86.0,74,40,9.22,ID,1612674879
132,pevek,69.7008,170.3133,-9.6,87,0,3.02,RU,1612674942
133,ostrovnoy,68.0531,39.5131,6.87,92,100,9.86,RU,1612674981
134,diu,20.7141,70.9822,77.04,27,0,19.69,IN,1612675068
135,balkhash,46.844,74.9804,28.4,93,40,15.66,KZ,1612675068
136,havelock,34.8791,-76.9013,45.0,76,90,9.22,US,1612674981
137,natchez,31.5604,-91.4032,50.0,93,90,8.05,US,1612675069
138,katakwi,1.8911,33.9661,74.32,40,37,1.9,UG,1612675069
139,umm kaddadah,13.6017,26.6876,54.37,40,1,13.15,SD,1612675069
140,longyearbyen,78.2186,15.6401,15.8,79,75,12.66,SJ,1612674905
141,port alfred,-33.5906,26.891,72.0,77,33,5.99,ZA,1612674940
142,bathsheba,13.2167,-59.5167,78.8,65,40,20.71,BB,1612674940
143,rocha,-34.4833,-54.3333,62.31,93,2,3.56,UY,1612675032
144,loandjili,-4.7561,11.8578,78.8,94,75,4.61,CG,1612675071
145,kasamwa,-2.85,32.4333,68.05,83,99,2.24,TZ,1612675072
146,puerto lempira,15.2667,-83.7667,74.46,89,1,9.08,HN,1612675072
147,elizabeth city,36.2946,-76.2511,44.6,65,90,5.75,US,1612674865
148,marawi,7.9986,124.2928,80.01,88,89,3.0,PH,1612674972
149,yarim,14.298,44.3779,50.47,57,0,6.08,YE,1612675075
150,samarai,-10.6167,150.6667,86.04,69,61,2.75,PG,1612675034
151,mahibadhoo,3.7833,72.9667,81.28,75,62,13.04,MV,1612675076
152,saharanpur,29.9667,77.55,63.39,38,0,5.32,IN,1612675076
153,la ronge,55.1001,-105.2842,-31.0,61,20,4.61,CA,1612674978
154,souillac,-20.5167,57.5167,86.0,70,40,10.36,MU,1612675003
155,porto novo,6.4965,2.6036,82.4,89,40,3.44,BJ,1612675077
156,ballina,-28.8667,153.5667,87.8,65,67,11.5,AU,1612674916
157,paragominas,-2.9667,-47.4833,72.1,94,69,1.9,BR,1612675078
158,hilo,19.7297,-155.09,73.4,60,75,4.61,US,1612674970
159,corrales,35.2378,-106.6067,39.99,24,0,7.0,US,1612675078
160,georgetown,5.4112,100.3354,89.6,45,20,6.91,MY,1612674829
161,yar-sale,66.8333,70.8333,-21.21,87,100,18.19,RU,1612675079
162,bereda,43.2686,-7.5406,35.01,100,76,5.01,ES,1612675079
163,flinders,-34.5833,150.8552,78.01,68,90,14.97,AU,1612674974
164,ponta do sol,32.6667,-17.1,54.0,65,35,5.01,PT,1612674938
165,olinda,-8.0089,-34.8553,78.8,73,40,3.44,BR,1612674976
166,vanimo,-2.6741,141.3028,80.73,85,99,9.33,PG,1612674992
167,merrill,45.1805,-89.6835,-11.2,64,1,4.61,US,1612675081
168,havre-saint-pierre,50.2334,-63.5986,26.6,93,90,35.68,CA,1612674958
169,southbridge,42.0751,-72.0334,25.0,69,72,1.97,US,1612675082
170,gap,44.6667,6.0,41.0,88,100,4.52,FR,1612675082
171,puerto ayora,-0.7393,-90.3518,77.0,94,69,6.62,EC,1612674637
172,jega,12.2175,4.3792,68.99,23,29,10.71,NG,1612675082
173,joshimath,30.5667,79.5667,60.91,28,0,4.14,IN,1612674910
174,batemans bay,-35.7167,150.1833,73.99,67,31,1.99,AU,1612674944
175,gesztely,48.1,20.9667,26.6,80,90,16.11,HU,1612675083
176,tete,-16.1564,33.5867,82.4,83,40,2.93,MZ,1612675084
177,north platte,41.1239,-100.7654,8.6,78,90,13.8,US,1612675084
178,diamond harbour,22.1917,88.1847,73.4,60,20,9.22,IN,1612675084
179,bulembu,-25.9667,31.1333,73.99,94,75,1.81,SZ,1612675085
180,opuwo,-18.0607,13.84,69.73,42,92,3.27,NA,1612675085
181,jimenez,28.3333,-105.4,50.0,23,1,4.61,MX,1612675085
182,necochea,-38.5473,-58.7368,57.0,87,58,10.11,AR,1612675014
183,mar del plata,-38.0023,-57.5575,64.99,77,75,5.75,AR,1612674897
184,pinillos,8.9193,-74.4677,77.0,90,91,2.8,CO,1612674967
185,east london,-33.0153,27.9116,69.8,83,20,5.75,ZA,1612674936
186,culebra,18.303,-65.301,78.8,73,1,11.5,PR,1612675087
187,sur,22.5667,59.5289,70.41,51,0,6.87,OM,1612674850
188,charters towers,-20.1,146.2667,93.56,42,100,8.39,AU,1612675088
189,xuddur,4.1213,43.8894,70.88,72,13,19.91,SO,1612675088
190,okhotsk,59.3833,143.3,7.03,86,97,23.96,RU,1612674996
191,berlevag,70.8578,29.0864,26.24,91,100,25.14,NO,1612675089
192,grindavik,63.8424,-22.4338,32.0,64,0,16.11,IS,1612675066
193,mount gambier,-37.8333,140.7667,64.4,59,90,19.57,AU,1612674987
194,markivka,49.5229,39.5705,11.23,84,57,12.19,UA,1612675090
195,rochegda,62.8,43.25,-18.31,85,58,8.14,RU,1612675090
196,touros,-5.1989,-35.4608,73.4,94,20,3.44,BR,1612674994
197,gao,16.6362,1.637,70.29,20,100,11.34,ML,1612675091
198,kendal,54.3268,-2.7476,37.0,97,33,5.99,GB,1612674793
199,tiksi,71.6872,128.8694,-25.28,85,100,6.31,RU,1612674936
200,chokurdakh,70.6333,147.9167,-26.12,84,48,5.53,RU,1612674967
201,bandarbeyla,9.4942,50.8122,77.49,72,17,14.05,SO,1612675004
202,chioggia,45.2256,12.2889,50.0,100,75,5.75,IT,1612675092
203,swan hill,-35.3378,143.5544,80.71,28,17,12.71,AU,1612674971
204,edmonds,47.8107,-122.3774,45.0,76,90,4.61,US,1612675093
205,yatou,37.15,122.3833,36.32,72,0,19.62,CN,1612675048
206,jutai,-5.1833,-68.9,74.28,92,89,2.21,BR,1612675094
207,baiquan,47.5833,126.0833,-0.67,88,2,7.49,CN,1612675094
208,san patricio,28.017,-97.5169,60.8,72,1,16.11,US,1612674757
209,upernavik,72.7868,-56.1549,19.85,78,35,7.05,GL,1612674966
210,tuktoyaktuk,69.4541,-133.0374,-16.6,76,90,17.27,CA,1612674933
211,balkanabat,39.5108,54.3671,53.71,45,92,5.06,TM,1612675095
212,la seyne-sur-mer,43.0982,5.8847,54.0,95,75,1.99,FR,1612675096
213,neuquen,-38.9516,-68.0591,64.4,68,0,18.41,AR,1612674919
214,carnarvon,-24.8667,113.6333,86.0,100,40,12.66,AU,1612674749
215,kurchum,48.5722,83.6542,29.14,95,100,19.6,KZ,1612674829
216,tanabe,33.7333,135.3667,60.8,44,20,17.27,JP,1612675097
217,tateyama,34.9833,139.8667,60.8,41,20,11.5,JP,1612675024
218,emerald,-23.5333,148.1667,100.99,32,40,11.5,AU,1612675102
219,puerto rico,-26.796,-55.024,60.62,90,0,1.39,AR,1612675102
220,alexandria,31.2156,29.9553,55.4,94,0,4.61,EG,1612675083
221,semnan,35.5729,53.3971,51.67,60,99,1.34,IR,1612675103
222,fortuna,40.5982,-124.1573,48.0,100,90,5.75,US,1612674998
223,tuy hoa,13.0833,109.3,75.69,81,92,10.25,VN,1612675104
224,monrovia,6.3005,-10.7969,75.2,94,40,4.38,LR,1612674968
225,bilibino,68.0546,166.4372,-4.9,76,0,3.22,RU,1612675041
226,klaksvik,62.2266,-6.589,33.8,80,75,17.27,FO,1612675105
227,baruun-urt,46.6806,113.2792,-0.8,87,1,10.31,MN,1612675106
228,krasnoselkup,65.7,82.4667,-8.81,89,100,14.43,RU,1612675106
229,tuatapere,-46.1333,167.6833,67.93,58,6,8.21,NZ,1612675106
230,katsuura,35.1333,140.3,63.0,39,0,11.5,JP,1612674947
231,northam,51.0333,-4.2167,39.99,88,84,11.99,GB,1612675111
232,wajir,1.7471,40.0573,75.0,73,1,11.25,KE,1612675112
233,mugur-aksy,50.35,90.5,15.19,89,0,7.4,RU,1612675112
234,ejido hermosillo,32.5121,-114.9238,64.4,29,1,1.59,MX,1612675113
235,aksu,41.1231,80.2644,40.95,52,100,0.4,CN,1612674983
236,copiapo,-27.3667,-70.3333,60.8,77,90,6.91,CL,1612674984
237,pangnirtung,66.1451,-65.7125,22.05,79,70,2.77,CA,1612674933
238,yumen,40.2833,97.2,40.32,45,100,3.94,CN,1612675114
239,vizinga,61.0749,50.1031,-14.19,88,100,10.04,RU,1612675114
240,sao filipe,14.8961,-24.4956,69.03,73,28,14.88,CV,1612674953
241,vardo,70.3705,31.1107,25.61,94,100,27.65,NO,1612674661
242,bourail,-21.5667,165.4833,80.2,75,51,5.59,NC,1612675115
243,inuvik,68.3499,-133.7218,-11.2,84,100,10.36,CA,1612675116
244,port elizabeth,-33.918,25.5701,69.8,78,0,18.41,ZA,1612674825
245,san felipe,10.3399,-68.7425,70.93,89,100,5.57,VE,1612675116
246,jiaojiang,28.6803,121.4428,73.0,65,70,1.99,CN,1612675117
247,kaspiysk,42.8816,47.6392,37.4,87,40,15.66,RU,1612675117
248,camana,-16.6228,-72.7111,70.56,83,100,7.23,PE,1612675118
249,tura,25.5198,90.2201,72.64,36,100,3.31,IN,1612674927
250,pinos,22.3,-101.5667,57.2,38,20,3.44,MX,1612675118
251,san jose de guanipa,8.8872,-64.1651,74.21,78,98,14.83,VE,1612675118
252,yaring,6.8662,101.3689,87.8,62,20,11.5,TH,1612675119
253,biltine,14.5333,20.9167,60.49,31,53,15.93,TD,1612675119
254,aykhal,66.0,111.5,-27.36,83,50,8.84,RU,1612675119
255,ati,13.2154,18.3353,59.58,29,56,10.96,TD,1612675120
256,peniche,39.3558,-9.3811,52.0,66,23,8.01,PT,1612674937
257,valparaiso,-33.0393,-71.6273,60.8,82,90,5.75,CL,1612675031
258,tawau,4.2498,117.8871,86.0,74,20,6.91,MY,1612675120
259,vao,-22.6667,167.4833,78.75,82,1,13.2,NC,1612674980
260,kedrovyy,56.1667,91.8167,33.8,69,0,6.71,RU,1612674958
261,bandar-e lengeh,26.5579,54.8807,71.6,73,13,13.8,IR,1612675121
262,muroto,33.2833,134.15,64.4,36,20,9.22,JP,1612674957
263,chicama,-7.8447,-79.1469,72.63,69,100,4.74,PE,1612675122
264,ko samui,9.5357,99.9357,84.2,74,20,14.97,TH,1612675122
265,lavrentiya,65.5833,-171.0,-11.09,78,0,6.93,RU,1612674944
266,ozernovskiy,51.5,156.5167,24.33,96,100,6.69,RU,1612675123
267,bayir,37.2687,28.2167,41.0,100,20,4.61,TR,1612675123
268,luau,-10.7073,22.2247,65.43,99,100,5.46,AO,1612675009
269,saint george,37.1041,-113.5841,48.0,33,1,4.61,US,1612674947
270,popondetta,-8.7537,148.2534,87.89,62,95,5.73,PG,1612675036
271,sinnai,39.3042,9.2036,62.01,82,0,9.22,IT,1612675124
272,alugan,12.2188,125.4808,81.48,84,71,13.6,PH,1612675125
273,inhambane,-23.865,35.3833,78.8,89,20,7.02,MZ,1612675125
274,jaciara,-15.9653,-54.9683,71.6,76,100,1.25,BR,1612675126
275,itupiranga,-5.1347,-49.3267,73.65,81,66,1.9,BR,1612674973
276,telfs,47.3,11.0667,39.2,81,40,6.91,AT,1612675126
277,mandera,3.9366,41.867,76.6,60,2,6.76,KE,1612675029
278,khatanga,71.9667,102.5,-34.01,78,0,8.86,RU,1612674943
279,hualmay,-11.0964,-77.6139,70.9,78,100,6.17,PE,1612675016
280,carira,-10.3608,-37.7011,71.87,86,93,7.05,BR,1612675127
281,portland,45.5234,-122.6762,46.99,81,40,8.05,US,1612674944
282,poum,-20.2333,164.0167,81.41,66,7,7.25,NC,1612674998
283,morgantown,39.6295,-79.9559,30.2,51,1,2.59,US,1612675128
284,trelew,-43.249,-65.3051,58.21,62,63,12.37,AR,1612675128
285,sung noen,14.8992,101.8207,84.0,51,0,7.16,TH,1612675129
286,marsh harbour,26.5412,-77.0636,74.75,89,0,17.83,BS,1612675129
287,qaqortoq,60.7167,-46.0333,44.6,29,75,20.71,GL,1612674843
288,dodge city,37.7528,-100.0171,16.0,86,90,13.8,US,1612674982
289,mineiros,-17.5694,-52.5511,66.36,93,44,1.9,BR,1612675129
290,port moresby,-9.4431,147.1797,93.2,49,40,17.27,PG,1612675091
291,senneterre,48.3835,-77.2328,6.8,85,40,8.05,CA,1612675130
292,wembley,-31.9333,115.8,71.6,88,90,13.8,AU,1612675046
293,panzhihua,26.5851,101.7128,62.01,39,76,1.01,CN,1612675131
294,ylojarvi,61.5563,23.5961,19.4,86,90,4.61,FI,1612675132
295,muros,42.7762,-9.0603,45.0,100,40,5.75,ES,1612675078
296,leh,34.1667,77.5833,15.08,59,0,1.92,IN,1612675132
297,saint-georges,12.0564,-61.7485,78.8,73,20,17.27,GD,1612675133
298,ambon,-3.6954,128.1814,93.2,55,40,11.5,ID,1612674979
299,codrington,-38.2667,141.9667,61.88,60,72,15.95,AU,1612674932
300,damietta,31.4165,31.8133,57.2,94,40,5.75,EG,1612675133
301,hasaki,35.7333,140.8333,64.0,25,20,5.75,JP,1612674662
302,grand gaube,-20.0064,57.6608,84.0,74,2,10.0,MU,1612675017
303,sao felix do xingu,-6.6447,-51.995,72.54,95,100,1.57,BR,1612674890
304,warrington,53.3925,-2.5802,37.99,87,90,18.41,GB,1612675134
305,guerrero negro,27.9769,-114.0611,60.51,67,0,5.17,MX,1612675003
306,ginir,7.1333,40.7,62.11,52,75,2.3,ET,1612675135
307,ponta delgada,37.7333,-25.6667,60.01,94,40,19.57,PT,1612675022
308,ipua,-20.4381,-48.0122,64.94,80,12,2.42,BR,1612675136
309,guntakal,15.1667,77.3833,81.61,29,90,10.33,IN,1612675136
310,changde,29.0464,111.6783,55.76,79,87,9.69,CN,1612675103
311,taltal,-25.4,-70.4833,62.98,77,22,3.96,CL,1612675136
312,bontang,0.1333,117.5,83.62,69,94,8.52,ID,1612675032
313,gondanglegi,-7.7479,112.0132,86.02,72,36,12.48,ID,1612675137
314,burnie,-41.0667,145.9167,72.0,85,1,5.01,AU,1612675137
315,nyurba,63.2842,118.3319,-16.73,88,92,3.33,RU,1612675046
316,jackson,42.4165,-122.8345,37.4,81,75,1.36,US,1612674930
317,abha,18.2164,42.5053,53.6,81,0,3.44,SA,1612675139
318,mglin,53.0591,32.8475,-8.28,91,48,6.98,RU,1612675139
319,punta alta,-38.8759,-62.0736,65.05,71,28,16.08,AR,1612675139
320,slavonski brod,45.1603,18.0156,42.01,89,55,3.33,HR,1612675140
321,hibbing,47.4272,-92.9377,-18.4,63,1,10.36,US,1612675038
322,muravlenko,63.7898,74.523,7.11,95,100,19.37,RU,1612675141
323,faya,18.3851,42.4509,53.6,81,0,3.44,SA,1612675142
324,sehithwa,-20.4667,22.7167,69.82,92,100,5.61,BW,1612675143
325,leningradskiy,69.3833,178.4167,-11.27,72,33,4.97,RU,1612674965
326,ambilobe,-13.2,49.05,79.83,81,59,2.75,MG,1612674748
327,teocuitatlan de corona,20.1167,-103.4,62.01,26,1,2.53,MX,1612675144
328,tarko-sale,64.9225,77.785,-2.83,92,100,18.88,RU,1612675145
329,luanda,-8.8368,13.2343,77.0,88,75,4.61,AO,1612675145
330,san cristobal,7.7669,-72.225,65.91,86,100,1.92,VE,1612674932
331,shimoda,34.6667,138.95,59.0,51,20,12.66,JP,1612674805
332,lazaro cardenas,17.9583,-102.2,71.65,82,0,3.74,MX,1612675072
333,prince rupert,54.3161,-130.3201,37.4,80,90,4.61,CA,1612675147
334,along,28.1667,94.7667,73.18,26,58,0.96,IN,1612675147
335,japura,-0.3167,102.35,89.44,52,82,4.68,ID,1612675147
336,takahata,38.0025,140.1911,46.99,93,75,10.36,JP,1612675148
337,yongan,39.6957,113.6871,29.37,71,0,8.99,CN,1612675148
338,katesh,-4.5167,35.3833,62.02,95,100,2.66,TZ,1612675148
339,varkaus,62.3153,27.873,15.8,86,90,12.66,FI,1612675152
340,ribeira grande,38.5167,-28.7,61.18,88,96,21.14,PT,1612674966
341,atar,20.5169,-13.0499,53.94,50,20,11.88,MR,1612675040
342,zhaotong,27.3167,103.7167,46.17,65,93,5.59,CN,1612675153
343,sawakin,19.1059,37.3321,70.16,64,11,13.11,SD,1612675153
344,riorges,46.0418,4.0497,44.6,93,90,5.75,FR,1612675153
345,salinas,36.6777,-121.6555,51.8,87,1,4.61,US,1612674891
346,rio gallegos,-51.6226,-69.2181,50.92,61,17,4.43,AR,1612674945
347,menongue,-14.6585,17.691,64.06,94,100,5.01,AO,1612674988
348,mbini,1.574,9.6134,79.45,84,99,4.52,GQ,1612675154
349,mariinskiy posad,56.115,47.718,-5.8,77,40,13.42,RU,1612675154
350,anchorage,61.2181,-149.9003,14.0,85,90,4.61,US,1612674795
351,maumere,-8.6199,122.2111,83.84,70,42,4.81,ID,1612675156
352,mmathubudukwane,-24.6,26.4333,66.2,100,75,2.3,BW,1612675156
353,xining,36.6167,101.7667,33.71,55,62,2.53,CN,1612675157
354,hovd,48.0056,91.6419,16.97,83,0,3.56,MN,1612675008
355,mutare,-18.9707,32.6709,68.2,92,77,0.92,ZW,1612675157
356,tanabi,-20.6264,-49.6492,73.4,49,0,4.61,BR,1612675157
357,nabire,-3.3667,135.4833,85.24,61,100,4.45,ID,1612675158
358,kollo,13.3043,2.339,71.6,21,24,3.44,NE,1612675158
359,paamiut,61.994,-49.6678,25.83,80,80,4.43,GL,1612675042
360,greaca,44.1094,26.3394,37.0,93,96,11.97,RO,1612675158
361,tazovskiy,67.4667,78.7,-22.11,85,86,12.55,RU,1612675159
362,sorland,67.667,12.6934,35.4,80,100,18.52,NO,1612674982
363,vilyuysk,63.7553,121.6247,-22.31,86,74,7.9,RU,1612674986
364,constitucion,-35.3333,-72.4167,56.52,88,23,2.98,CL,1612674969
365,sikonge,-5.6333,32.7667,68.0,100,40,1.39,TZ,1612674982
366,fuling,29.7022,107.3919,57.96,67,99,0.83,CN,1612675161
367,kjollefjord,70.9457,27.3465,25.54,96,100,21.97,NO,1612675161
368,langelsheim,51.9333,10.3333,23.0,91,100,1.99,DE,1612675161
369,hami,42.8,93.45,41.92,51,80,1.28,CN,1612674996
370,husavik,66.0449,-17.3389,32.0,74,90,3.44,IS,1612675162
371,tvoroyri,61.5556,-6.8111,33.8,80,75,17.27,FO,1612675162
372,vila velha,-20.3297,-40.2925,75.2,83,90,9.22,BR,1612674945
373,boca do acre,-8.7522,-67.3978,73.85,97,91,1.41,BR,1612674961
374,adrar,20.5022,-10.0711,52.52,45,99,10.47,MR,1612675003
375,ryotsu,38.0833,138.4333,44.6,70,75,19.57,JP,1612675163
376,tarauaca,-8.1614,-70.7656,73.8,95,100,1.48,BR,1612675164
377,college,64.8569,-147.8028,-5.01,77,90,2.46,US,1612674964
378,mabaruma,8.2,-59.7833,72.79,96,100,3.87,GY,1612674964
379,nautla,20.2167,-96.7833,73.44,90,38,9.31,MX,1612675165
380,urucara,-2.5364,-57.76,74.98,94,95,0.98,BR,1612675165
381,kabanjahe,3.1001,98.4908,87.8,74,40,11.5,ID,1612675165
382,tirthahalli,13.7,75.2333,82.83,26,100,8.81,IN,1612675165
383,morant bay,17.8815,-76.4093,80.6,69,20,20.71,JM,1612675166
384,richards bay,-28.783,32.0377,75.18,81,64,8.79,ZA,1612674916
385,moba,33.2288,105.0179,46.09,45,48,4.76,CN,1612675167
386,los llanos de aridane,28.6585,-17.9182,59.0,67,0,1.14,ES,1612674945
387,pisco,-13.7,-76.2167,71.6,83,75,3.44,PE,1612675044
388,luderitz,-26.6481,15.1594,67.03,73,0,25.28,NA,1612674967
389,new glasgow,45.5834,-62.6486,30.99,74,89,13.8,CA,1612675168
390,yichang,30.7144,111.2847,53.01,76,100,1.19,CN,1612675168
391,uusikaupunki,60.8004,21.4084,10.4,92,75,3.44,FI,1612675168
392,virtsu,58.5716,23.5115,21.0,92,16,3.44,EE,1612675169
393,doha,25.2867,51.5333,71.6,78,0,9.22,QA,1612675170
394,songjianghe,42.1859,127.479,16.38,81,8,7.54,CN,1612675170
395,neiafu,-18.65,-173.9833,78.8,94,75,11.5,TO,1612675051
396,amapa,1.0,-52.0,71.87,98,76,1.07,BR,1612675023
397,hirara,24.8,125.2833,75.2,68,40,9.22,JP,1612674969
398,chapleau,47.8405,-83.4034,0.73,93,98,5.03,CA,1612675171
399,rincon,32.296,-81.2354,46.4,93,90,9.22,US,1612675172
400,anori,-3.7728,-61.6442,74.98,97,100,0.94,BR,1612675172
401,brae,60.3964,-1.353,33.8,55,90,17.27,GB,1612675173
402,naze,28.3667,129.4833,66.2,59,40,14.97,JP,1612674979
403,marsaxlokk,35.8419,14.5431,63.0,82,0,8.05,MT,1612675173
404,itarema,-2.9248,-39.9167,76.5,88,11,8.14,BR,1612674989
405,mitu,1.1983,-70.1733,72.03,96,100,0.69,CO,1612674967
406,hwange,-18.3693,26.5019,70.23,93,99,1.21,ZW,1612675174
407,chardara,41.2547,67.9692,51.3,74,100,11.27,KZ,1612675174
408,mlimba,-8.8,35.8167,73.78,89,100,0.96,TZ,1612675175
409,leon valley,29.4952,-98.6186,57.99,38,1,8.05,US,1612675176
410,lompoc,34.6391,-120.4579,51.8,93,90,5.28,US,1612674991
411,coquimbo,-29.9533,-71.3436,59.0,82,0,2.3,CL,1612675025
412,lake mary,28.7589,-81.3178,71.6,83,75,8.05,US,1612675176
413,santa fe,-31.6333,-60.7,70.0,79,0,6.31,AR,1612675177
414,joao pinheiro,-17.7425,-46.1725,68.18,100,100,8.25,BR,1612675177
415,frutal,-20.0247,-48.9406,65.86,75,7,1.95,BR,1612675177
416,pundaguitan,6.3711,126.1689,80.82,77,100,4.99,PH,1612675011
417,bardiyah,31.7561,25.0865,60.69,48,58,9.15,LY,1612675178
418,yangambi,0.8102,24.4336,67.82,72,31,2.01,CD,1612675178
419,nadym,65.5333,72.5167,-12.1,90,100,18.9,RU,1612675179
420,puerto madero,14.7208,-92.4215,75.2,88,20,2.3,MX,1612675179
421,norman wells,65.282,-126.8329,-27.4,68,75,6.91,CA,1612674962
422,lethem,3.3803,-59.7968,77.2,72,77,13.85,GY,1612675179
423,bartica,6.4,-58.6167,75.2,94,20,4.61,GY,1612675180
424,kenai,60.5544,-151.2583,14.0,92,90,3.44,US,1612675003
425,odweyne,9.4092,45.064,64.53,66,0,4.12,SO,1612675181
426,deputatskiy,69.3,139.9,-30.44,85,58,0.72,RU,1612674806
427,krasnyy chikoy,50.3643,108.7512,9.48,89,96,1.34,RU,1612675182
428,te anau,-45.4167,167.7167,73.85,38,0,7.52,NZ,1612675182
429,miramar,25.9873,-80.2323,75.2,100,3,12.62,US,1612675183
430,owando,-0.4819,15.8999,72.68,90,65,3.27,CG,1612674956
431,pochutla,15.7432,-96.4661,77.0,84,6,2.51,MX,1612675183
432,saint anthony,45.0205,-93.218,-9.4,64,1,6.91,US,1612675183
433,ilebo,-4.3167,20.5833,71.6,88,76,1.28,CD,1612675184
434,samana,19.2056,-69.3369,74.88,80,72,9.62,DO,1612675184
435,kampot,10.6167,104.1833,84.2,69,40,5.75,KH,1612675185
436,namatanai,-3.6667,152.4333,85.6,66,65,7.92,PG,1612675185
437,basco,20.4487,121.9702,73.69,88,100,22.64,PH,1612675186
438,kifri,34.6959,44.9661,56.08,78,91,4.21,IQ,1612675186
439,nurlat,54.4277,50.8051,-4.29,91,100,12.88,RU,1612675186
440,whitehorse,60.7161,-135.0538,-16.6,76,40,2.3,CA,1612674907
441,tobe,33.7447,132.7901,59.0,72,20,12.66,JP,1612675187
442,zhangye,38.9342,100.4517,45.03,36,25,6.24,CN,1612675187
443,camabatela,-8.1881,15.375,64.65,100,100,4.88,AO,1612675187
444,vitim,59.4511,112.5578,7.45,91,98,8.19,RU,1612675187
445,stepnyak,52.8339,70.7803,8.33,91,85,31.38,KZ,1612675188
446,hohhot,40.8106,111.6522,30.2,31,0,13.42,CN,1612674985
447,lasa,46.6166,10.7002,39.0,100,90,8.05,IT,1612674950
448,cumana,10.4635,-64.1775,74.8,79,100,11.12,VE,1612675189
449,koksovyy,48.1967,40.5989,18.45,83,90,12.46,RU,1612675189
450,weihe,32.9952,105.3247,56.41,32,92,3.2,CN,1612675189
451,dawson creek,55.7666,-120.2362,-34.6,67,1,2.82,CA,1612675190
452,rawson,-43.3002,-65.1023,58.46,64,63,12.68,AR,1612675013
453,aksarayskiy,46.7924,48.0119,26.01,93,75,4.47,RU,1612675191
454,tondano,1.3038,124.9112,86.0,74,40,9.22,ID,1612675191
455,mimongo,-1.6195,11.6068,69.6,94,55,1.77,GA,1612675191
456,fare,-16.7,-151.0167,82.4,70,4,9.22,PF,1612675191
457,praya,14.9215,-23.5087,68.0,64,75,19.57,CV,1612674993
458,nikki,9.9401,3.2108,70.79,23,100,4.61,BJ,1612675192
459,shingu,33.7333,135.9833,60.8,44,20,17.27,JP,1612675192
460,asau,46.4333,26.4,27.0,74,100,3.6,RO,1612674969
461,mbandaka,0.0487,18.2603,72.09,92,25,3.22,CD,1612675007
462,labuhan,-6.8844,112.2051,84.06,76,16,17.18,ID,1612675193
463,alofi,-19.0595,-169.9187,82.4,83,100,8.05,NU,1612675002
464,kologriv,58.8275,44.3178,-11.72,88,100,9.93,RU,1612675194
465,kharan,28.5833,65.4167,66.51,17,0,0.51,PK,1612675194
466,aldan,58.6031,125.3894,-8.66,85,84,1.25,RU,1612675195
467,banda aceh,5.5577,95.3222,86.09,65,29,11.39,ID,1612674794
468,buala,-8.145,159.5921,79.99,79,100,6.82,SB,1612674974
469,magdagachi,53.45,125.8,-2.0,86,0,4.03,RU,1612675196
470,soyo,-6.1349,12.3689,79.81,86,98,8.3,AO,1612674840
471,saint-agapit,46.5629,-71.4352,18.0,62,1,12.66,CA,1612675197
472,henties bay,-22.116,14.2845,64.0,90,23,5.01,NA,1612675197
473,sola,-13.8833,167.55,82.33,71,41,3.51,VU,1612675014
474,fasa,28.9383,53.6482,50.0,50,40,4.94,IR,1612675197
475,lappeenranta,61.0587,28.1887,12.99,86,77,9.66,FI,1612675198
476,comodoro rivadavia,-45.8667,-67.5,57.2,72,40,4.61,AR,1612674975
477,lorengau,-2.0226,147.2712,84.33,76,86,5.93,PG,1612674950
478,oleksandrivka,48.9634,32.2349,9.57,92,58,6.67,UA,1612675199
479,ancud,-41.8697,-73.8203,57.0,71,0,1.14,CL,1612674809
480,kemijarvi,66.7131,27.4306,17.55,95,100,11.14,FI,1612675200
481,tottori,35.5,134.2333,51.8,71,75,14.97,JP,1612675200
482,moyale,3.5167,39.0584,72.43,49,43,4.0,KE,1612675201
483,santa marta,11.2408,-74.199,82.0,62,100,24.0,CO,1612675201
484,champerico,14.3,-91.9167,63.0,93,0,6.64,GT,1612675201
485,salekhard,66.53,66.6019,-25.58,84,100,24.43,RU,1612675202
486,tacna,-18.0056,-70.2483,69.8,73,0,3.44,PE,1612675202
487,naron,43.5167,-8.1528,46.99,100,20,6.91,ES,1612675203
488,timmins,48.4669,-81.3331,-0.4,85,90,2.3,CA,1612674940
489,macas,-2.3167,-78.1167,67.32,81,98,1.99,EC,1612675203
490,kavieng,-2.5744,150.7967,85.28,63,30,4.54,PG,1612674751
491,bambous virieux,-20.3428,57.7575,86.0,70,40,10.36,MU,1612675204
492,vilcun,-38.65,-72.2333,57.2,100,90,5.75,CL,1612675044
493,broken hill,-31.95,141.4333,78.8,31,0,16.11,AU,1612675044
494,zhigansk,66.7697,123.3711,-31.7,82,100,16.2,RU,1612675019
495,klyuchi,52.2667,79.1667,34.16,87,85,25.79,RU,1612675206
496,tripoli,32.8752,13.1875,68.29,38,100,10.85,LY,1612674936
497,yulara,-25.2406,130.9889,93.2,20,0,8.05,AU,1612674746
498,kungurtug,50.5994,97.5228,18.64,88,0,1.59,RU,1612675207
499,kiri buru,22.0833,85.35,75.9,34,0,3.96,IN,1612675207
500,nogliki,51.8333,143.1667,3.18,91,100,15.08,RU,1612675207
501,umm lajj,25.0213,37.2685,66.47,52,0,19.51,SA,1612674962
502,ornskoldsvik,63.2909,18.7153,17.6,86,90,11.5,SE,1612675208
503,praia,14.9215,-23.5087,68.0,64,75,19.57,CV,1612674993
504,puerto escondido,15.85,-97.0667,76.53,75,0,5.3,MX,1612675005
505,vredendal,-31.6683,18.5012,62.94,92,6,2.39,ZA,1612675186
506,whitecourt,54.1502,-115.6855,-20.2,76,20,10.36,CA,1612675210
507,baiyin,36.5583,104.2081,41.0,15,0,6.71,CN,1612675210
508,ormara,25.2088,64.6357,70.59,30,0,4.07,PK,1612675050
509,ust-omchug,61.15,149.6333,-7.24,87,100,9.37,RU,1612675211
510,el alto,-4.2714,-81.2147,72.95,77,62,15.57,PE,1612675211
511,metro,-5.1131,105.3067,86.7,67,80,14.92,ID,1612675211
512,santa isabel do rio negro,-0.4139,-65.0192,73.89,96,89,0.6,BR,1612675007
513,kolondieba,11.0882,-6.8926,72.14,22,73,3.69,ML,1612675212
514,svetlogorsk,52.6333,29.7333,-0.54,92,1,4.83,BY,1612674959
515,murray,40.6669,-111.888,41.0,56,75,4.61,US,1612675067
516,turkistan,43.0,68.0,45.12,68,83,1.07,KZ,1612675213
517,liverpool,53.4106,-2.9779,37.4,87,90,18.41,GB,1612674972
518,nainpur,22.4333,80.1167,71.17,23,0,7.09,IN,1612675214
519,alice springs,-23.7,133.8833,93.0,19,2,12.66,AU,1612674976
520,danilov,58.1908,40.1717,-6.2,91,98,7.31,RU,1612675016
521,huarmey,-10.0681,-78.1522,71.49,76,100,7.61,PE,1612675018
522,leirvik,59.7798,5.5005,19.0,68,0,5.01,NO,1612675215
523,pacific grove,36.6177,-121.9166,51.01,93,1,4.61,US,1612674986
524,darnah,32.767,22.6367,61.75,48,52,15.26,LY,1612675019
525,roma,43.2128,-75.4557,10.99,72,1,8.05,US,1612674903
526,jurado,7.1053,-77.7641,78.3,85,100,1.19,CO,1612675216
527,astorga,-23.2325,-51.6656,69.8,83,0,10.36,BR,1612675216
528,nacala,-14.5428,40.6728,79.18,86,100,3.4,MZ,1612675216
529,tahta,26.7693,31.5021,48.2,81,0,6.91,EG,1612675027
530,road town,18.4167,-64.6167,78.01,92,2,4.0,VG,1612675217
531,oistins,13.0667,-59.5333,78.8,65,40,20.71,BB,1612675217
532,ugoofaaru,5.6667,73.0,82.04,70,31,11.72,MV,1612674943
533,santa rosa,14.3122,121.1114,90.0,70,40,3.44,PH,1612674948
534,biak,-0.9131,122.8766,84.54,63,100,1.5,ID,1612674954
535,kavaratti,10.5669,72.642,81.77,62,32,8.52,IN,1612674826
536,trairi,-3.2778,-39.2689,76.62,88,7,5.61,BR,1612675219
537,meulaboh,4.1363,96.1285,87.91,59,40,3.11,ID,1612675028
538,pirovskoye,57.6267,92.2658,26.74,97,100,8.08,RU,1612675219
539,sechura,-5.5569,-80.8222,75.42,68,95,11.05,PE,1612675220
540,flores da cunha,-29.0289,-51.1817,57.99,93,0,2.04,BR,1612675220
541,okato,-39.2,173.8833,71.01,71,77,5.99,NZ,1612675220
542,keningau,5.3378,116.1602,87.01,79,20,5.75,MY,1612675220
543,sitka,57.0531,-135.33,30.2,64,90,4.61,US,1612675006
544,warri,5.5167,5.75,80.42,85,48,4.0,NG,1612675221
545,preili,56.2944,26.7246,-3.68,93,12,3.53,LV,1612675222
546,lao cai,22.4833,103.95,77.27,54,76,2.73,VN,1612675190
547,kieta,-6.2167,155.6333,84.31,73,92,5.39,PG,1612675064
548,vestmanna,62.1564,-7.1664,33.8,80,75,17.27,FO,1612675223
549,nurota,40.5614,65.6886,46.4,93,100,8.01,UZ,1612675223
550,okhansk,57.7186,55.3877,1.4,78,75,15.66,RU,1612675224
551,agadez,19.75,10.25,54.77,36,18,3.53,NE,1612675213
552,palu,-0.8917,119.8707,89.06,53,100,5.28,ID,1612675051
553,rumphi,-11.0186,33.8575,67.39,86,100,0.56,MW,1612675224
554,kanganpur,30.7663,74.1231,67.73,29,0,4.29,PK,1612675225
555,altay,47.8667,88.1167,28.49,90,35,2.04,CN,1612675225
556,talcahuano,-36.7167,-73.1167,59.0,88,90,3.44,CL,1612675225
557,bubaque,11.2833,-15.8333,77.25,50,42,22.01,GW,1612675225
558,ust-tsilma,65.441,52.1498,-33.0,81,98,8.81,RU,1612675227
559,qixingtai,30.4135,111.8874,48.0,97,100,4.03,CN,1612675227
560,ubinskoye,55.3068,79.6802,33.76,99,100,19.98,RU,1612675007
561,takefu,35.9039,136.1669,48.2,71,75,11.5,JP,1612675105
562,flin flon,54.7682,-101.865,-32.13,81,3,8.39,CA,1612675003
563,berdigestyakh,62.0989,126.6992,-24.56,84,26,5.28,RU,1612675229
564,khani,41.9563,42.9566,46.4,93,90,5.75,GE,1612675230
565,aanekoski,62.6946,25.818,15.8,92,20,13.8,FI,1612675230
566,bangkalan,-7.0455,112.7351,87.8,74,75,16.11,ID,1612675231
567,raymond,43.9015,-70.4703,23.0,62,3,7.56,US,1612675231
568,khorixas,-20.3667,14.9667,68.25,49,52,2.53,NA,1612675231
569,port macquarie,-31.4333,152.9167,82.0,51,73,1.99,AU,1612675049
570,caconda,-13.7333,15.0667,62.17,58,100,4.45,AO,1612675232
571,hit,33.6416,42.8251,55.72,61,88,9.71,IQ,1612675232
572,rabo de peixe,37.8,-25.5833,60.01,94,40,19.57,PT,1612675233
573,san quintin,30.4833,-115.95,59.18,70,0,1.83,MX,1612675035
574,constantine,36.365,6.6147,51.8,71,75,13.8,DZ,1612675007
575,baghdad,33.3406,44.4009,55.4,94,75,6.91,IQ,1612675057
576,kapuskasing,49.4169,-82.4331,-11.2,77,30,3.44,CA,1612675235
577,ararat,39.8317,44.7049,28.4,93,0,1.14,AM,1612675235
578,jalu,29.0331,21.5482,55.85,47,0,9.08,LY,1612675236
579,kutum,14.2,24.6667,44.31,57,16,7.2,SD,1612675236
